market_segment,cancellation_rate
Aviation,0.22127659574468084
Complementary,0.12225274725274725
Corporate,0.18761832639151838
Direct,0.15371165156572883
Groups,0.6111167256189995
Offline TA/TO,0.3432860510318018
Online TA,0.3675897035881435
Undefined,1.0
